distributor;customer_code;customer_name;fss_code;fss_name;fss_type;sales_executive;fresh_dry;rsm
DIRECT;2000000366;PT. MIDI UTAMA INDONESIA, Tbk;SURABAYA B2C;Nurul Hidayah;B2C;No Salesman;Fresh;Muhammad Hardeo Awang
DIRECT;2000000366;PT. MIDI UTAMA INDONESIA, Tbk;SURABAYA B2C;Nurul Hidayah;B2C;No Salesman;Dry;Muhammad Hardeo Awang
DIRECT;2000000372;PT. MATAHARI PUTRA PRIMA, Tbk;B2C JABO 3;Vacant JABO 3;B2C;No Salesman;Fresh;Muhammad Haeruddin
DIRECT;2000000372;PT. MATAHARI PUTRA PRIMA, Tbk;B2C JABO 3;Vacant JABO 3;B2C;No Salesman;Dry;Muhammad Haeruddin
DIRECT;2000000374;PT. PANGANSARI UTAMA FOOD DISTRIBUTIONS;SURABAYA B2B;Dwi Hendrianto;B2B;No Salesman;Dry;Muhammad Hardeo Awang
DIRECT;2000000376;PT. INDOMARCO PRISMATAMA - MALANG;MALANG B2C;Ujang Suryana;B2C;No Salesman;Fresh;Muhammad Hardeo Awang
DIRECT;2000000376;PT. INDOMARCO PRISMATAMA - MALANG;MALANG B2C;Ujang Suryana;B2C;No Salesman;Dry;Muhammad Hardeo Awang
DIRECT;2000000377;PT. INDOMARCO PRISMATAMA - SURABAYA;SURABAYA B2C;Nurul Hidayah;B2C;No Salesman;Fresh;Muhammad Hardeo Awang
DIRECT;2000000377;PT. INDOMARCO PRISMATAMA - SURABAYA;SURABAYA B2C;Nurul Hidayah;B2C;No Salesman;Dry;Muhammad Hardeo Awang
DIRECT;2000000503;ALFAMIDI BEKASI;B2C JABO 1;Rahmat Supriyatna;B2C;No Salesman;Fresh;Muhammad Haeruddin
DIRECT;2000000503;ALFAMIDI BEKASI;B2C JABO 1;Rahmat Supriyatna;B2C;No Salesman;Dry;Muhammad Haeruddin
DIRECT;2000000883;Dunkin Donut;B2B JABO 1;Maulana Yusuf;B2B;Tommy Toga Raja Sirait;Dry;Muhammad Haeruddin
DIRECT;2000000960;GELAEL MT HARYONO;B2C JABO 2;Gandhi Sandrya;B2C;Eliyanti;Fresh;Muhammad Haeruddin
DIRECT;2000001177;Hypermart Cimanggis;COMBINE JABAR 1;Hardian Pramana;COMBINED;Vacant;Fresh;Muhammad Haeruddin
DIRECT;2000001220;Indomaret Dc Ancol;B2C JABO 4;Irwan Affandi;B2C;No Salesman;Fresh;Muhammad Haeruddin
DIRECT;2000001220;Indomaret Dc Ancol;B2C JABO 4;Irwan Affandi;B2C;No Salesman;Dry;Muhammad Haeruddin
DIRECT;2000001221;Indomaret Dc Sentul;COMBINE JABAR 1;Hardian Pramana;COMBINED;No Salesman;Fresh;Muhammad Haeruddin
DIRECT;2000001221;Indomaret Dc Sentul;COMBINE JABAR 1;Hardian Pramana;COMBINED;No Salesman;Dry;Muhammad Haeruddin
DIRECT;2000001235;Indomaret Parung, Dc;COMBINE JABAR 1;Hardian Pramana;COMBINED;No Salesman;Fresh;Muhammad Haeruddin
DIRECT;2000001235;Indomaret Parung, Dc;COMBINE JABAR 1;Hardian Pramana;COMBINED;No Salesman;Dry;Muhammad Haeruddin
DIRECT;2000001315;Kitchenette Senayan City;B2B JABO 2;Ferry Silaban;B2B;Elis Dewi Rochmani;Fresh;Muhammad Haeruddin
DIRECT;2000001370;Lion Dc Cikarang;B2C JABO 1;Rahmat Supriyatna;B2C;No Salesman;Fresh;Muhammad Haeruddin
DIRECT;2000001370;Lion Dc Cikarang;B2C JABO 1;Rahmat Supriyatna;B2C;No Salesman;Dry;Muhammad Haeruddin
DIRECT;2000001534;FAMILYMART CIMANGGIS;B2C JABO 1;Rahmat Supriyatna;B2C;No Salesman;Fresh;Muhammad Haeruddin
DIRECT;2000001541;INDOMARET JABABEKA;B2C JABO 1;Rahmat Supriyatna;B2C;No Salesman;Fresh;Muhammad Haeruddin
DIRECT;2000001541;INDOMARET JABABEKA;B2C JABO 1;Rahmat Supriyatna;B2C;No Salesman;Dry;Muhammad Haeruddin
DIRECT;2000004332;ALFAMIDI DC JABABEKA;B2C JABO 1;Rahmat Supriyatna;B2C;No Salesman;FRESH;Muhammad Haeruddin
DIRECT;2000005893;CARREFOUR CBD PLUIT;B2C JABO 4;Irwan Affandi;B2C;No Salesman;Fresh;Muhammad Haeruddin
DIRECT;2000005895;CARREFOUR CEMPAKA PUTIH STORE;B2C JABO 4;Irwan Affandi;B2C;No Salesman;Fresh;Muhammad Haeruddin
DIRECT;2000007526;Indomaret Dc Ukanik;B2C JABO 3;Vacant JABO 3;B2C;No Salesman;Fresh;Muhammad Haeruddin
DIRECT;2000007526;Indomaret Dc Ukanik;B2C JABO 3;Vacant JABO 3;B2C;No Salesman;Dry;Muhammad Haeruddin
DIRECT;2000026615;INDOMART BDG (S12K);B2C BANDUNG 1;Ilham Pradana;B2C;Vacant;Dry;Muhammad Haeruddin
DIRECT;2000026615;INDOMART BDG (S12K);B2C BANDUNG 1;Ilham Pradana;B2C;Vacant;Fresh;Muhammad Haeruddin
DIRECT;2000060940;JCO DONUTS PIM;B2B JABO 1;Maulana Yusuf;B2B;Reynold;Dry;Muhammad Haeruddin
DIRECT;2000064296;PT. INDOMARCO PRISMATAMA GD INDUK T;B2C JABO 3;Vacant JABO 3;B2C;No Salesman;Fresh;Muhammad Haeruddin
DIRECT;2000064296;PT. INDOMARCO PRISMATAMA GD INDUK T;B2C JABO 3;Vacant JABO 3;B2C;No Salesman;Dry;Muhammad Haeruddin
DIRECT;2000066984;PT.BAKTIABADI INTIMAKMUR;B2B JABO 1;Maulana Yusuf;B2B;Tommy Toga Raja Sirait;Dry;Muhammad Haeruddin
DIRECT;2000068459;ALFAMART DC BALARAJA;B2C JABO 3;Vacant JABO 3;B2C;No Salesman;Fresh;Muhammad Haeruddin
DIRECT;2000068459;ALFAMART DC BALARAJA;B2C JABO 3;Vacant JABO 3;B2C;No Salesman;Dry;Muhammad Haeruddin
DIRECT;2000074596;ALFAMIDI BITUNG TANGERANG;B2C JABO 3;Vacant JABO 3;B2C;No Salesman;Fresh;Muhammad Haeruddin
DIRECT;2000074596;ALFAMIDI BITUNG TANGERANG;B2C JABO 3;Vacant JABO 3;B2C;No Salesman;Dry;Muhammad Haeruddin
DIRECT;2000079448;PT.INDOMARCO PRISMATAMA DC JEMBER;JEMBER;Ardiyan Firdaus;COMBINED;No Salesman;Fresh;Yudi Setiawan
DIRECT;2000079448;PT.INDOMARCO PRISMATAMA DC JEMBER;JEMBER;Ardiyan Firdaus;COMBINED;No Salesman;Dry;Yudi Setiawan
DIRECT;2000079451;PT. INDOMARCO PRISMATAMA DC GRESIK;SURABAYA B2C;Nurul Hidayah;B2C;No Salesman;Fresh;Muhammad Hardeo Awang
DIRECT;2000079451;PT. INDOMARCO PRISMATAMA DC GRESIK;SURABAYA B2C;Nurul Hidayah;B2C;No Salesman;Dry;Muhammad Hardeo Awang
DIRECT;2000079453;INDOMARET DC BALI;BALI B2C Fresh + Bajo;Gede Andika Saputera;COMBINED;No Salesman;Fresh;Arif Permadi
DIRECT;2000079453;INDOMARET DC BALI;BALI B2C Dry + Kupang;I Made Ogi Trisna Wardana;B2C;No Salesman;Dry;Arif Permadi
DIRECT;2000080510;ALFAMART CIKOKOL;B2C JABO 2;Gandhi Sandrya;B2C;No Salesman;Dry;Muhammad Haeruddin
DIRECT;2000080510;ALFAMART CIKOKOL;B2C JABO 2;Gandhi Sandrya;B2C;No Salesman;Fresh;Muhammad Haeruddin
DIRECT;2000080511;ALFAMART JABABEKA;B2C JABO 1;Rahmat Supriyatna;B2C;No Salesman;Dry;Muhammad Haeruddin
DIRECT;2000080511;ALFAMART JABABEKA;B2C JABO 1;Rahmat Supriyatna;B2C;No Salesman;Fresh;Muhammad Haeruddin
DIRECT;2000080512;ALFAMART CILENGSI 2;COMBINE JABAR 1;Hardian Pramana;COMBINED;No Salesman;Dry;Muhammad Haeruddin
DIRECT;2000080515;DC ALFAMART KARAWANG;B2C JABO 1;Rahmat Supriyatna;B2C;No Salesman;Dry;Muhammad Haeruddin
DIRECT;2000080515;DC ALFAMART KARAWANG;B2C JABO 1;Rahmat Supriyatna;B2C;No Salesman;Fresh;Muhammad Haeruddin
DIRECT;2000080516;DC ALFAMART BOGOR;COMBINE JABAR 1;Hardian Pramana;COMBINED;No Salesman;Dry;Muhammad Haeruddin
DIRECT;2000080521;ALFAMART PARUNG;COMBINE JABAR 1;Hardian Pramana;COMBINED;No Salesman;Dry;Muhammad Haeruddin
DIRECT;2000085497;INDOMARET CAB. YOGYA;YOGYAKARTA B2C;Raditya Mirza Bagaskara;B2C;No Salesman;Fresh;Muhammad Hardeo Awang
DIRECT;2000085497;INDOMARET CAB. YOGYA;YOGYAKARTA B2C;Raditya Mirza Bagaskara;B2C;No Salesman;Dry;Muhammad Hardeo Awang
DIRECT;2000085498;INDOMARET GUDANG SEMARANG;SEMARANG;Desti Yanuwanti;COMBINED;No Salesman;Dry;Muhammad Hardeo Awang
DIRECT;2000085498;INDOMARET GUDANG SEMARANG;SEMARANG;Desti Yanuwanti;COMBINED;No Salesman;Fresh;Muhammad Hardeo Awang
DIRECT;2000085592;ALFAMART KLATEN;SOLO;Pradana Satriya Kurniawan Ramdani;COMBINED;No Salesman;Dry;Muhammad Hardeo Awang
DIRECT;2000085592;ALFAMART KLATEN;SOLO;Pradana Satriya Kurniawan Ramdani;COMBINED;No Salesman;Fresh;Muhammad Hardeo Awang
DIRECT;2000085593;ALFAMART SEMARANG;SEMARANG;Desti Yanuwanti;COMBINED;No Salesman;Dry;Muhammad Hardeo Awang
DIRECT;2000087320;HPM SINGKAWANG;0;NO FSS;B2C;No Salesman;Fresh;Arif Permadi
DIRECT;2000087330;HPM Palopo;0;NO FSS;B2C;No Salesman;Fresh;Arif Permadi
DIRECT;2000087338;HPM KAIRAGI MANADO;0;NO FSS;B2C;No Salesman;Fresh;Arif Permadi
DIRECT;2000087717;TRANSMART CILANDAK;B2C JABO 2;Gandhi Sandrya;B2C;No Salesman;Fresh;Muhammad Haeruddin
DIRECT;2000087718;INDOMARET DEPO BGR 2;COMBINE JABAR 1;Hardian Pramana;COMBINED;No Salesman;Fresh;Muhammad Haeruddin
DIRECT;2000087718;INDOMARET DEPO BGR 2;COMBINE JABAR 1;Hardian Pramana;COMBINED;No Salesman;Dry;Muhammad Haeruddin
DIRECT;2000095083;ALFAMART SAT SERANG;B2C JABO 3;Vacant JABO 3;B2C;No Salesman;Dry;Muhammad Haeruddin
DIRECT;2000109018;INDOMARET DC ANCOL JAKARTA 2;B2C JABO 4;Irwan Affandi;B2C;No Salesman;Fresh;Muhammad Haeruddin
DIRECT;2000109018;INDOMARET DC ANCOL JAKARTA 2;B2C JABO 4;Irwan Affandi;B2C;No Salesman;Dry;Muhammad Haeruddin
DIRECT;2000125458;INDOMARET DC PURWAKARTA;B2C BANDUNG 1;Ilham Pradana;B2C;Vacant;Fresh;Muhammad Haeruddin
DIRECT;2000125458;INDOMARET DC PURWAKARTA;B2C BANDUNG 1;Ilham Pradana;B2C;Vacant;Dry;Muhammad Haeruddin
DIRECT;2000125460;INDOMARET DC JOMBANG;KEDIRI + MADIUN + JOMBANG;Arief Rachmat;COMBINED;No Salesman;Fresh;Muhammad Hardeo Awang
DIRECT;2000125460;INDOMARET DC JOMBANG;KEDIRI + MADIUN + JOMBANG;Arief Rachmat;COMBINED;No Salesman;Dry;Muhammad Hardeo Awang
DIRECT;2000125462;INDOMARET DC CIREBON;COMBINE JABAR 2;Rahmat Kamil;COMBINED;Vacant;Dry;Muhammad Haeruddin
DIRECT;2000125462;INDOMARET DC CIREBON;COMBINE JABAR 2;Rahmat Kamil;COMBINED;Vacant;Fresh;Muhammad Haeruddin
DIRECT;2000130253;ALFAMART MALANG;MALANG B2C;Ujang Suryana;B2C;No Salesman;Dry;Muhammad Hardeo Awang
DIRECT;2000130253;ALFAMART MALANG;MALANG B2C;Ujang Suryana;B2C;No Salesman;Fresh;Muhammad Hardeo Awang
DIRECT;2000130261;ALFAMART BALI;BALI B2C Dry + Kupang;I Made Ogi Trisna Wardana;B2C;No Salesman;Dry;Arif Permadi
DIRECT;2000130262;ALFAMART BANDUNG 1;B2C BANDUNG 2;Dede Rukmana;B2C;Vacant;Fresh;Muhammad Haeruddin
DIRECT;2000130262;ALFAMART BANDUNG 1;B2C BANDUNG 2;Dede Rukmana;B2C;Vacant;Dry;Muhammad Haeruddin
DIRECT;2000130263;ALFAMART BANDUNG 2;B2C BANDUNG 2;Dede Rukmana;B2C;Vacant;Dry;Muhammad Haeruddin
DIRECT;2000130264;ALFAMART CIANJUR;COMBINE JABAR 1;Hardian Pramana;COMBINED;Vacant;Dry;Muhammad Haeruddin
DIRECT;2000130264;ALFAMART CIANJUR;COMBINE JABAR 1;Hardian Pramana;COMBINED;Vacant;Fresh;Muhammad Haeruddin
DIRECT;2000130265;ALFAMART CILACAP;YOGYAKARTA B2C;Raditya Mirza Bagaskara;B2C;No Salesman;Dry;Muhammad Hardeo Awang
DIRECT;2000130266;ALFAMART JEMBER;JEMBER;Ardiyan Firdaus;COMBINED;No Salesman;Dry;Yudi Setiawan
DIRECT;2000130267;ALFAMART PLUMBON;COMBINE JABAR 2;Rahmat Kamil;COMBINED;Vacant;Dry;Muhammad Haeruddin
DIRECT;2000130268;ALFAMART REMBANG;SEMARANG;Desti Yanuwanti;COMBINED;No Salesman;Dry;Muhammad Hardeo Awang
DIRECT;2000130268;ALFAMART REMBANG;SEMARANG;Desti Yanuwanti;COMBINED;No Salesman;Fresh;Muhammad Hardeo Awang
DIRECT;2000130269;ALFAMART SIDOARJO;SURABAYA B2C;Nurul Hidayah;B2C;No Salesman;Dry;Muhammad Hardeo Awang
DIRECT;2000130269;ALFAMART SIDOARJO;SURABAYA B2C;Nurul Hidayah;B2C;No Salesman;Fresh;Muhammad Hardeo Awang
DIRECT;2000130489;ALFAMART DEPO BALARAJA;B2C JABO 3;Vacant JABO 3;B2C;No Salesman;Dry;Muhammad Haeruddin
DIRECT;2000130489;ALFAMART DEPO BALARAJA;B2C JABO 3;Vacant JABO 3;B2C;No Salesman;Fresh;Muhammad Haeruddin
DIRECT;2000132651;HYPERMART PESONA SQ DEPOK;COMBINE JABAR 1;Hardian Pramana;COMBINED;Vacant;Fresh;Muhammad Haeruddin
DIRECT;2000132890;Indogrosir Karawang;B2C JABO 1;Rahmat Supriyatna;B2C;No Salesman;Fresh;Muhammad Haeruddin
DIRECT;2000133213;Indomaret Dc Ukanik;B2C JABO 3;Vacant JABO 3;B2C;No Salesman;Dry;Muhammad Haeruddin
DIRECT;2000133213;Indomaret Dc Ukanik;B2C JABO 3;Vacant JABO 3;B2C;No Salesman;Fresh;Muhammad Haeruddin
DIRECT;2000133214;PT. INDOMARCO PRISMATAMA GD INDUK TGR;B2C JABO 3;Vacant JABO 3;B2C;No Salesman;Dry;Muhammad Haeruddin
DIRECT;2000133214;PT. INDOMARCO PRISMATAMA GD INDUK TGR;B2C JABO 3;Vacant JABO 3;B2C;No Salesman;Fresh;Muhammad Haeruddin
DIRECT;2000133295;INDOMARET JABABEKA;B2C JABO 1;Rahmat Supriyatna;B2C;No Salesman;Dry;Muhammad Haeruddin
DIRECT;2000133295;INDOMARET JABABEKA;B2C JABO 1;Rahmat Supriyatna;B2C;No Salesman;Fresh;Muhammad Haeruddin
DIRECT;2000133296;Indomaret Dc Sentul;COMBINE JABAR 1;Hardian Pramana;COMBINED;No Salesman;Dry;Muhammad Haeruddin
DIRECT;2000133296;Indomaret Dc Sentul;COMBINE JABAR 1;Hardian Pramana;COMBINED;No Salesman;Fresh;Muhammad Haeruddin
DIRECT;2000133323;INDOMARET DC BGR 2;COMBINE JABAR 1;Hardian Pramana;COMBINED;No Salesman;Fresh;Muhammad Haeruddin
DIRECT;2000133323;INDOMARET DC BGR 2;COMBINE JABAR 1;Hardian Pramana;COMBINED;No Salesman;Dry;Muhammad Haeruddin
DIRECT;2000133325;Indomaret Dc Ancol;B2C JABO 4;Irwan Affandi;B2C;No Salesman;Dry;Muhammad Haeruddin
DIRECT;2000133325;Indomaret Dc Ancol;B2C JABO 4;Irwan Affandi;B2C;No Salesman;Fresh;Muhammad Haeruddin
DIRECT;2000133326;INDOMARET DC ANCOL JAKARTA 2;B2C JABO 4;Irwan Affandi;B2C;No Salesman;Dry;Muhammad Haeruddin
DIRECT;2000133326;INDOMARET DC ANCOL JAKARTA 2;B2C JABO 4;Irwan Affandi;B2C;No Salesman;Fresh;Muhammad Haeruddin
DIRECT;2000133908;INDOMARET DC KLATEN;SOLO;Pradana Satriya Kurniawan Ramdani;COMBINED;No Salesman;Dry;Muhammad Hardeo Awang
DIRECT;2000133908;INDOMARET DC KLATEN;SOLO;Pradana Satriya Kurniawan Ramdani;COMBINED;No Salesman;Fresh;Muhammad Hardeo Awang
DIRECT;2000134393;MOKKO FACTORY JKT;B2B JABO 2;Ferry Silaban;B2B;No Salesman;Dry;Muhammad Haeruddin
DIRECT;2000134484;Farmers Market Citra Lake Sawangan;COMBINE JABAR 1;Hardian Pramana;COMBINED;Vacant;Fresh;Muhammad Haeruddin
DIRECT;2000136669;DJOURNAL COFFEE PACIFIC PLACE;B2B JABO 2;Ferry Silaban;B2B;Ardiansah;Fresh;Muhammad Haeruddin
DIRECT;2000138958;LAWSON DC SEMANAN;B2C JABO 4;Irwan Affandi;B2C;No Salesman;Fresh;Muhammad Haeruddin
DIRECT;2000138958;LAWSON DC SEMANAN;B2C JABO 4;Irwan Affandi;B2C;No Salesman;Dry;Muhammad Haeruddin
DIRECT;2000140992;INDOMARET DC LEBAK BANTEN;B2C JABO 3;Vacant JABO 3;B2C;No Salesman;Fresh;Muhammad Haeruddin
DIRECT;2000140992;INDOMARET DC LEBAK BANTEN;B2C JABO 3;Vacant JABO 3;B2C;No Salesman;Dry;Muhammad Haeruddin
DIRECT;2000141829;VENCHI GELATO;B2B JABO 2;Ferry Silaban;B2B;Elis Dewi Rochmani;Fresh;Muhammad Haeruddin
DIRECT;2000143391;HYPERMART DC PORONG SURABAYA;SURABAYA B2C;Nurul Hidayah;B2C;No Salesman;Dry;Muhammad Hardeo Awang
DIRECT;2000144744;MIE KOBER;MALANG B2B;Lalita Permatasari;B2B;No Salesman;Dry;Muhammad Hardeo Awang
DIRECT;2000145448;OWNER'S CAFE APARTEMEN BROOKLYN;B2B JABO 1;Maulana Yusuf;B2B;Muhamad Rizki Berhamzah;Fresh;Muhammad Haeruddin
DIRECT;2000146589;JAPFA FOOD TEBET;B2C JABO 2;Gandhi Sandrya;B2C;No Salesman;Fresh;Muhammad Haeruddin
DIRECT;2000146621;JAPFA FOOD CENGKARENG;B2C JABO 4;Irwan Affandi;B2C;No Salesman;Fresh;Muhammad Haeruddin
DIRECT;2000147155;JAPFA FOOD KELAPA GADING;B2C JABO 4;Irwan Affandi;B2C;No Salesman;Fresh;Muhammad Haeruddin
DIRECT;2000147810;JAPFA FOOD BEKASI TOWN SQUARE;B2C JABO 1;Rahmat Supriyatna;B2C;No Salesman;Fresh;Muhammad Haeruddin
DIRECT;2000147811;JAPFA FOOD CIPUTAT BINTARO;B2C JABO 4;Irwan Affandi;B2C;No Salesman;Fresh;Muhammad Haeruddin
DIRECT;2000151555;DC SAT BULKY BEREBEK;SURABAYA B2C;Nurul Hidayah;B2C;No Salesman;Dry;Muhammad Hardeo Awang
DIRECT;2000152589;INDOMARET DEPO GEDUNG KUNING;COMBINE JABAR 1;Hardian Pramana;COMBINED;No Salesman;Dry;Muhammad Haeruddin
DIRECT;2000153300;INDOMARET DEPO PARUNG (LOKASI TGR);COMBINE JABAR 1;Hardian Pramana;COMBINED;No Salesman;Dry;Muhammad Haeruddin
DIRECT;2000153695;PT. MAKO ANUGERAH KREASINDO;B2B JABO 1;Maulana Yusuf;B2B;Reynold;Dry;Muhammad Haeruddin
DIRECT;2000153870;INDOMARET DC TERNATE;SURABAYA B2C;Nurul Hidayah;B2C;No Salesman;Fresh;Muhammad Hardeo Awang
DIRECT;2000154110;JAPFA FOOD TEBET;B2C JABO 2;Gandhi Sandrya;B2C;No Salesman;Dry;Muhammad Haeruddin
DIRECT;2000154111;JAPFA FOOD CENGKARENG;B2C JABO 4;Irwan Affandi;B2C;No Salesman;Dry;Muhammad Haeruddin
DIRECT;2000154112;JAPFA FOOD GADING SERPONG;B2C JABO 3;Vacant JABO 3;B2C;No Salesman;Dry;Muhammad Haeruddin
DIRECT;2000154113;JAPFA FOOD SUNTER;B2C JABO 4;Irwan Affandi;B2C;No Salesman;Fresh;Muhammad Haeruddin
DIRECT;2000154113;JAPFA FOOD KELAPA GADING;B2C JABO 4;Irwan Affandi;B2C;No Salesman;Dry;Muhammad Haeruddin
DIRECT;2000154114;JAPFA FOOD BEKASI TOWN SQUARE;B2C JABO 1;Rahmat Supriyatna;B2C;No Salesman;Fresh;Muhammad Haeruddin
DIRECT;2000154114;JAPFA FOOD BEKASI TOWN SQUARE;B2C JABO 1;Rahmat Supriyatna;B2C;No Salesman;Dry;Muhammad Haeruddin
DIRECT;2000154115;JAPFA FOOD CIPUTAT BINTARO;B2C JABO 2;Gandhi Sandrya;B2C;No Salesman;Dry;Muhammad Haeruddin
DIRECT;2000154115;JAPFA FOOD CIPUTAT BINTARO;B2C JABO 2;Gandhi Sandrya;B2C;No Salesman;Fresh;Muhammad Haeruddin
DIRECT;2000154470;KOPI LAIN HATI DC CENGKARENG;B2B JABO 1;Maulana Yusuf;B2B;Faisal Aggy;Dry;Muhammad Haeruddin
DIRECT;2000155359;JAPFA FOOD DEPOK;COMBINE JABAR 1;Hardian Pramana;COMBINED;No Salesman;Dry;Muhammad Haeruddin
DIRECT;2000156332;SEGARI;B2C JABO 2;Gandhi Sandrya;B2C;No Salesman;Fresh;Muhammad Haeruddin
DIRECT;2000156666;JAPFA FOOD HUB BOGOR;COMBINE JABAR 1;Hardian Pramana;COMBINED;No Salesman;Dry;Muhammad Haeruddin
DIRECT;2000157360;ONE FIFTEENTH COFFEE ALAM SUTERA;B2B JABO 1;Maulana Yusuf;B2B;Muhamad Rizki Berhamzah;Fresh;Muhammad Haeruddin
DIRECT;2000157591;INDOMARET DC CIMANGGIS;COMBINE JABAR 1;Hardian Pramana;COMBINED;No Salesman;Dry;Muhammad Haeruddin
DIRECT;2000157732;JAPFA FOOD JAKARTA TIMUR;B2C JABO 1;Rahmat Supriyatna;B2C;No Salesman;Fresh;Muhammad Haeruddin
DIRECT;2000157792;LAZADA WAREHOUSE;COMBINE JABAR 1;Hardian Pramana;COMBINED;No Salesman;Dry;Muhammad Haeruddin
DIRECT;2000157793;INDOMARET CAFE LEGOK SERANG;B2B JABO 1;Maulana Yusuf;B2B;Muhamad Rizki Berhamzah;Fresh;Muhammad Haeruddin
DIRECT;2000157794;KE SINTANG COFFEE BANDARA SOETA;B2B JABO 1;Maulana Yusuf;B2B;Muhamad Rizki Berhamzah;Fresh;Muhammad Haeruddin
DIRECT;2000157816;LOTENG CAFE CIKOKOL;B2B JABO 1;Maulana Yusuf;B2B;Muhamad Rizki Berhamzah;Fresh;Muhammad Haeruddin
DIRECT;2000157817;KOPI BARRA CILEGON;B2B JABO 1;Maulana Yusuf;B2B;Muhamad Rizki Berhamzah;Fresh;Muhammad Haeruddin
DIRECT;2000158275;JAPFA FOOD JAKARTA TIMUR;B2C JABO 1;Rahmat Supriyatna;B2C;No Salesman;Dry;Muhammad Haeruddin
DIRECT;2000158275;JAPFA FOOD UTAN KAYU;B2C JABO 1;Rahmat Supriyatna;B2C;No Salesman;Fresh;Muhammad Haeruddin
DIRECT;2000158321;GRABMART DAILY - MAIN WAREHOUSE;COMBINE JABAR 1;Hardian Pramana;COMBINED;No Salesman;Fresh;Muhammad Haeruddin
DIRECT;2000158413;INDOMARET DC LEBAK BANTEN;B2C JABO 3;Vacant JABO 3;B2C;No Salesman;Dry;Muhammad Haeruddin
DIRECT;2000158413;INDOMARET DC LEBAK BANTEN;B2C JABO 3;Vacant JABO 3;B2C;No Salesman;Fresh;Muhammad Haeruddin
DIRECT;2000158414;Indomaret Parung, Dc;COMBINE JABAR 1;Hardian Pramana;COMBINED;No Salesman;Dry;Muhammad Haeruddin
DIRECT;2000158414;Indomaret Parung, Dc;COMBINE JABAR 1;Hardian Pramana;COMBINED;No Salesman;Fresh;Muhammad Haeruddin
DIRECT;2000158432;ALFAMART DC BALARAJA;B2C JABO 3;Vacant JABO 3;B2C;No Salesman;Fresh;Muhammad Haeruddin
DIRECT;2000158432;ALFAMART DC BALARAJA;B2C JABO 3;Vacant JABO 3;B2C;No Salesman;Dry;Muhammad Haeruddin
DIRECT;2000158708;GMZ( GADING MILK ZONE);B2C JABO 4;Irwan Affandi;B2C;No Salesman;Fresh;Muhammad Haeruddin
DIRECT;2000158741;DAGING NUSANTARA;B2C JABO 1;Rahmat Supriyatna;B2C;No Salesman;Fresh;Muhammad Haeruddin
DIRECT;2000158811;ALFAMART DC BALARAJA;B2C JABO 3;Vacant JABO 3;B2C;No Salesman;Dry;Muhammad Haeruddin
DIRECT;2000158811;ALFAMART DC BALARAJA;B2C JABO 3;Vacant JABO 3;B2C;No Salesman;Fresh;Muhammad Haeruddin
DIRECT;2000158812;ALFAMART CIKOKOL;B2C JABO 2;Gandhi Sandrya;B2C;No Salesman;Dry;Muhammad Haeruddin
DIRECT;2000158813;ALFAMART JABABEKA;B2C JABO 1;Rahmat Supriyatna;B2C;No Salesman;Dry;Muhammad Haeruddin
DIRECT;2000158814;ALFAMART CILENGSI 2;COMBINE JABAR 1;Hardian Pramana;COMBINED;No Salesman;Dry;Muhammad Haeruddin
DIRECT;2000158814;ALFAMART CILENGSI 2;COMBINE JABAR 1;Hardian Pramana;COMBINED;No Salesman;Fresh;Muhammad Haeruddin
DIRECT;2000158817;DC ALFAMART KARAWANG;B2C JABO 1;Rahmat Supriyatna;B2C;No Salesman;Dry;Muhammad Haeruddin
DIRECT;2000158818;DC ALFAMART BOGOR;COMBINE JABAR 1;Hardian Pramana;COMBINED;No Salesman;Dry;Muhammad Haeruddin
DIRECT;2000158819;ALFAMART PARUNG;COMBINE JABAR 1;Hardian Pramana;COMBINED;No Salesman;Dry;Muhammad Haeruddin
DIRECT;2000158820;ALFAMART KLATEN;SOLO;Pradana Satriya Kurniawan Ramdani;COMBINED;No Salesman;Dry;Muhammad Hardeo Awang
DIRECT;2000158821;ALFAMART SEMARANG;SEMARANG;Desti Yanuwanti;COMBINED;No Salesman;Dry;Muhammad Hardeo Awang
DIRECT;2000158822;ALFAMART SAT SERANG;B2C JABO 3;Vacant JABO 3;B2C;No Salesman;Dry;Muhammad Haeruddin
DIRECT;2000158824;ALFAMART MALANG;MALANG B2C;Ujang Suryana;B2C;No Salesman;Dry;Muhammad Hardeo Awang
DIRECT;2000158824;ALFAMART MALANG;MALANG B2C;Ujang Suryana;B2C;No Salesman;Fresh;Muhammad Hardeo Awang
DIRECT;2000158825;ALFAMART BALI;BALI B2C Dry + Kupang;I Made Ogi Trisna Wardana;B2C;No Salesman;Dry;Arif Permadi
DIRECT;2000158826;ALFAMART BANDUNG 1;B2C BANDUNG 2;Dede Rukmana;B2C;Vacant;Dry;Muhammad Haeruddin
DIRECT;2000158827;ALFAMART BANDUNG 2;B2C BANDUNG 2;Dede Rukmana;B2C;Vacant;Dry;Muhammad Haeruddin
DIRECT;2000158828;ALFAMART CIANJUR;COMBINE JABAR 1;Hardian Pramana;COMBINED;Vacant;Dry;Muhammad Haeruddin
DIRECT;2000158829;ALFAMART CILACAP;YOGYAKARTA B2C;Raditya Mirza Bagaskara;B2C;No Salesman;Dry;Muhammad Hardeo Awang
DIRECT;2000158830;ALFAMART JEMBER;JEMBER;Ardiyan Firdaus;COMBINED;No Salesman;Dry;Yudi Setiawan
DIRECT;2000158831;ALFAMART PLUMBON;COMBINE JABAR 2;Rahmat Kamil;COMBINED;Vacant;Dry;Muhammad Haeruddin
DIRECT;2000158832;ALFAMART REMBANG;SEMARANG;Desti Yanuwanti;COMBINED;No Salesman;Dry;Muhammad Hardeo Awang
DIRECT;2000158833;ALFAMART SIDOARJO;SURABAYA B2C;Nurul Hidayah;B2C;No Salesman;Dry;Muhammad Hardeo Awang
DIRECT;2000158834;ALFAMART DEPO BALARAJA;B2C JABO 3;Vacant JABO 3;B2C;No Salesman;Dry;Muhammad Haeruddin
DIRECT;2000158835;DC ALFAMART BULKY IMAM BONJOL;B2C JABO 3;Vacant JABO 3;B2C;No Salesman;Dry;Muhammad Haeruddin
DIRECT;2000158849;ORGANIKA;B2C JABO 4;Irwan Affandi;B2C;No Salesman;Fresh;Muhammad Haeruddin
DIRECT;2000158874;DC RAMAYANA PULOGADUNG;B2C JABO 1;Rahmat Supriyatna;B2C;No Salesman;Fresh;Muhammad Haeruddin
DIRECT;2000158928;DAGING NUSANTARA-DEPOK;COMBINE JABAR 1;Hardian Pramana;COMBINED;No Salesman;Fresh;Muhammad Haeruddin
DIRECT;2000158944;DAGING NUSANTARA-DURI KOSAMBI;B2C JABO 4;Irwan Affandi;B2C;No Salesman;Fresh;Muhammad Haeruddin
DIRECT;2000159016;SEGARI BATUCEPER;B2C JABO 2;Gandhi Sandrya;B2C;No Salesman;Fresh;Muhammad Haeruddin
DIRECT;2000159016;SEGARI BATUCEPER;B2C JABO 2;Gandhi Sandrya;B2C;No Salesman;Dry;Muhammad Haeruddin
DIRECT;2000159027;DAGING NUSANTARA -CIKARANG;B2C JABO 1;Rahmat Supriyatna;B2C;No Salesman;Fresh;Muhammad Haeruddin
DIRECT;2000159032;JAPFA FOOD JOGLO;B2C JABO 4;Irwan Affandi;B2C;No Salesman;Fresh;Muhammad Haeruddin
DIRECT;2000159032;JAPFA FOOD RADIO DALAM;B2C JABO 2;Gandhi Sandrya;B2C;No Salesman;Dry;Muhammad Haeruddin
DIRECT;2000159032;JAPFA FOOD JOGLO;B2C JABO 4;Irwan Affandi;B2C;No Salesman;Dry;Muhammad Haeruddin
DIRECT;2000159033;JAPFA FOOD RADIO DALAM;B2C JABO 2;Gandhi Sandrya;B2C;No Salesman;Fresh;Muhammad Haeruddin
DIRECT;2000159115;SUPA FRESH-CAKUNG;B2C JABO 1;Rahmat Supriyatna;B2C;No Salesman;Fresh;Muhammad Haeruddin
DIRECT;2000159243;BLIBLI WAREHOUSE MEDAN SATRIA;B2C JABO 1;Rahmat Supriyatna;B2C;No Salesman;Dry;Muhammad Haeruddin
DIRECT;2000159243;BLIBLI WAREHOUSE MEDAN SATRIA;B2C JABO 1;Rahmat Supriyatna;B2C;No Salesman;Fresh;Muhammad Haeruddin
DIRECT;2000159293;CHEZ CHOUX;B2B JABO 1;Maulana Yusuf;B2B;Muhamad Rizki Berhamzah;Dry;Muhammad Haeruddin
DIRECT;2000159318;SAHABAT BUAH;B2C JABO 4;Irwan Affandi;B2C;No Salesman;Fresh;Muhammad Haeruddin
DIRECT;2000159400;STARSHOP;B2C JABO 4;Irwan Affandi;B2C;No Salesman;Fresh;Muhammad Haeruddin
DIRECT;2000159546;CAR WASH GUE;B2C JABO 4;Irwan Affandi;B2C;No Salesman;Fresh;Muhammad Haeruddin
DIRECT;2000159754;DAGING NUSANTARA(TEBET);B2C JABO 2;Gandhi Sandrya;B2C;No Salesman;Fresh;Muhammad Haeruddin
DIRECT;2000159756;RR MART;B2C JABO 1;Rahmat Supriyatna;B2C;No Salesman;Fresh;Muhammad Haeruddin
DIRECT;2000159852;Family Mart Balai Pustaka;B2C JABO 1;Rahmat Supriyatna;B2C;No Salesman;Fresh;Muhammad Haeruddin
DIRECT;2000160034;DAGING NUSANTARA CIKAMPEK;B2C JABO 1;Rahmat Supriyatna;B2C;Ardi Saputra;Fresh;Muhammad Haeruddin
DIRECT;2000160096;LLAO LLAO FX SUDIRMAN;B2B JABO 2;Ferry Silaban;B2B;Elis Dewi Rochmani;Fresh;Muhammad Haeruddin
DIRECT;2000160406;WINERS BACKYARD CAFE CIPUTAT;B2B JABO 2;Ferry Silaban;B2B;No Salesman;Fresh;Muhammad Haeruddin
DIRECT;2000160422;Al Azhar school;B2C JABO 4;Irwan Affandi;B2C;No Salesman;Fresh;Muhammad Haeruddin
DIRECT;2000160633;TOMORO COFFEE BENDA RAYA;close;close;B2B;Close;Fresh;Muhammad Haeruddin
DIRECT;2000160866;ALFAMART DC MADIUN;KEDIRI + MADIUN + JOMBANG;Arief Rachmat;COMBINED;No Salesman;Dry;Muhammad Hardeo Awang
DIRECT;2000160866;ALFAMART DC MADIUN;KEDIRI + MADIUN + JOMBANG;Arief Rachmat;COMBINED;No Salesman;Fresh;Muhammad Hardeo Awang
DIRECT;2000161029;PT. MODEREN PRIMA SARANA;B2C JABO 4;Irwan Affandi;B2C;No Salesman;Fresh;Muhammad Haeruddin
DIRECT;2000161164;Bakeholic Bakery SCBD;B2B JABO 2;Ferry Silaban;B2B;Arfian Fahri;Fresh;Muhammad Haeruddin
DIRECT;2000161253;ALFAMIDI DC BOYOLALI;SOLO;Pradana Satriya Kurniawan Ramdani;COMBINED;No Salesman;Fresh;Muhammad Hardeo Awang
DIRECT;2000161253;ALFAMIDI DC BOYOLALI;SOLO;Pradana Satriya Kurniawan Ramdani;COMBINED;No Salesman;Dry;Muhammad Hardeo Awang
DIRECT;2000161884;PT. ADI SARANA ARMADA TBK;B2C JABO 4;Irwan Affandi;B2C;No Salesman;Dry;Muhammad Haeruddin
DIRECT;2000161901;ALFAMART TEGAL;TEGAL PEKALONGAN + PEMALANG + BATANG + PURWOKERTO;Samuel Rio Budiono;COMBINED;No Salesman;Dry;Muhammad Hardeo Awang
DIRECT;2000161901;ALFAMART TEGAL;TEGAL PEKALONGAN + PEMALANG + BATANG + PURWOKERTO;Samuel Rio Budiono;COMBINED;No Salesman;FRESH;Muhammad Hardeo Awang
DIRECT;2000162093;ES TEH INDONESIA HARAPAN JAYA (0799;B2B JABO 2;Ferry Silaban;B2B;Pahri Suprianto;Dry;Muhammad Haeruddin
DIRECT;2000162181;INDOMARET DC JOMBANG 2;KEDIRI + MADIUN + JOMBANG;Arief Rachmat;COMBINED;No Salesman;Dry;Muhammad Hardeo Awang
DIRECT;2000162181;INDOMARET DC JOMBANG 2;KEDIRI + MADIUN + JOMBANG;Arief Rachmat;COMBINED;No Salesman;Fresh;Muhammad Hardeo Awang
DIRECT;2000162356;ALONLOY COFFEE KOTA WISATA;B2B JABO 2;Ferry Silaban;B2B;No Salesman;Fresh;Muhammad Haeruddin
DIRECT;2000162501;ALFAMART DC FRESH FOOD KLETEK;SURABAYA B2C;Nurul Hidayah;B2C;No Salesman;Fresh;Muhammad Hardeo Awang
DIRECT;2000162504;DEWA UNITED COFFEE SERANG;B2B JABO 1;Maulana Yusuf;B2B;Muhamad Rizki Berhamzah;Fresh;Muhammad Haeruddin
DIRECT;2000162504;DEWA UNITED COFFEE SERANG;B2B JABO 1;Maulana Yusuf;B2B;Muhamad Rizki Berhamzah;Dry;Muhammad Haeruddin
DIRECT;2000162622;HOME DELIVERY VINO PADEMANGAN;B2C JABO 4;Irwan Affandi;B2C;Ahmad Nur Pebrianto;Fresh;Muhammad Haeruddin
DIRECT;2000162662;S-MART;B2C JABO 4;Irwan Affandi;B2C;No Salesman;Fresh;Muhammad Haeruddin
DIRECT;2000162679;CV REZEKI SEHAT SENYUM;B2C JABO 4;Irwan Affandi;B2C;No Salesman;Fresh;Muhammad Haeruddin
DIRECT;2000162680;AREA MART;B2C JABO 4;Irwan Affandi;B2C;No Salesman;Fresh;Muhammad Haeruddin
DIRECT;2000162742;INDOMARET CAFE MH THAMRIN CIKOKOL;B2B JABO 1;Maulana Yusuf;B2B;Muhamad Rizki Berhamzah;Fresh;Muhammad Haeruddin
DIRECT;2000162784;INDOMARET CAFE TELAGA RAYA 5;B2B JABO 1;Maulana Yusuf;B2B;Tommy Toga Raja Sirait;Fresh;Muhammad Haeruddin
DIRECT;2000163157;PT. DINETA JAYA - BALI (CATERING);BALI B2B + LOMBOK;I Putu Bayu Indra Brata;COMBINED;No Salesman;Dry;Arif Permadi
DIRECT;2000163438;GOTO SOLO;SOLO;Pradana Satriya Kurniawan Ramdani;COMBINED;No Salesman;Dry;Muhammad Hardeo Awang
DIRECT;2000163439;GOTO SEMARANG;SEMARANG;Desti Yanuwanti;COMBINED;No Salesman;Dry;Muhammad Hardeo Awang
DIRECT;2000163440;GOTO SURABAYA;SURABAYA B2C;Nurul Hidayah;B2C;No Salesman;Dry;Muhammad Hardeo Awang
DIRECT;2000164431;WH ASTRO KOSAMBI PERMAI;B2C JABO 3;Vacant JABO 3;B2C;No Salesman;Dry;Muhammad Haeruddin
DIRECT;2000164486;SEGARI HALIM;B2C JABO 2;Gandhi Sandrya;B2C;No Salesman;Dry;Muhammad Haeruddin
DIRECT;2000164522;PT. SURI TANI PEMUKA;COMBINE JABAR 2;Rahmat Kamil;COMBINED;No Salesman;Dry;Muhammad Haeruddin
DIRECT;2000164522;PT. SURI TANI PEMUKA;COMBINE JABAR 2;Rahmat Kamil;COMBINED;No Salesman;FRESH;Muhammad Haeruddin
DIRECT;2000164685;INDOMARET DEPO PERISHABLE PURWOKERTO;TEGAL PEKALONGAN + PEMALANG + BATANG + PURWOKERTO;Samuel Rio Budiono;COMBINED;No Salesman;FRESH;Muhammad Hardeo Awang
DIRECT;2000164716;FRESH FACTORY TANGSEL PAMULANG UHT;B2C JABO 2;Gandhi Sandrya;B2C;No Salesman;DRY;Muhammad Haeruddin
DIRECT;2000164719;FRESH FACTORY BEKASI UHT;B2C JABO 1;Rahmat Supriyatna;B2C;No Salesman;DRY;Muhammad Haeruddin
DIRECT;2000164721;FRESH FACTORY BOGOR UHT;COMBINE JABAR 1;Hardian Pramana;COMBINED;No Salesman;DRY;Muhammad Haeruddin
DIRECT;2000164723;FRESH FACTORY DEPOK UHT;COMBINE JABAR 1;Hardian Pramana;COMBINED;No Salesman;DRY;Muhammad Haeruddin
DIRECT;2000164725;FRESH FACTORY JAKARTA BARAT UHT;B2C JABO 4;Irwan Affandi;B2C;No Salesman;DRY;Muhammad Haeruddin
DIRECT;2000164727;FRESH FACTORY JAKARTA PUSAT UHT;B2C JABO 4;Irwan Affandi;B2C;No Salesman;DRY;Muhammad Haeruddin
DIRECT;2000164729;FRESH FACTORY JAKARTA SELATAN UHT;B2C JABO 2;Gandhi Sandrya;B2C;No Salesman;DRY;Muhammad Haeruddin
DIRECT;2000164731;FRESH FACTORY JAKARTA TIMUR UHT;B2C JABO 1;Rahmat Supriyatna;B2C;No Salesman;DRY;Muhammad Haeruddin
DIRECT;2000164733;FRESH FACTORY JAKARTA UTARA UHT;B2C JABO 4;Irwan Affandi;B2C;No Salesman;DRY;Muhammad Haeruddin
DIRECT;2000164735;FRESH FACTORY TANGERANG BITUNG UHT;B2C JABO 3;Vacant JABO 3;B2C;No Salesman;DRY;Muhammad Haeruddin
DIRECT;2000164736;FRESH FACTORY TANGERANG BSD UHT;B2C JABO 3;Vacant JABO 3;B2C;No Salesman;DRY;Muhammad Haeruddin
DIRECT;2000164802;LAZADA WAREHOUSE SURABAYA;SURABAYA B2C;Nurul Hidayah;B2C;No Salesman;DRY;Muhammad Hardeo Awang
DIRECT;2200000425;ALFA MIDI - DC SURABAYA;SURABAYA B2C;Nurul Hidayah;B2C;No Salesman;Fresh;Muhammad Hardeo Awang
DIRECT;2200000425;ALFA MIDI - DC SURABAYA;SURABAYA B2C;Nurul Hidayah;B2C;No Salesman;Dry;Muhammad Hardeo Awang
DIRECT;2200001592;MOKKO FACTORY SBY;SURABAYA B2B;Dwi Hendrianto;B2B;No Salesman;Dry;Muhammad Hardeo Awang
DIRECT;2200002074;LAZADA WAREHOUSE;COMBINE JABAR 1;Hardian Pramana;COMBINED;No Salesman;Dry;Muhammad Haeruddin
DIRECT;2000104498;HPM CITY MALL;B2C JABO 1;Rahmat Supriyatna;B2C;No Salesman;FRESH;Muhammad Haeruddin
DIRECT;2000156666;JAPFA FOOD HUB BOGOR;COMBINE JABAR 1;Hardian Pramana;COMBINED;No Salesman;FRESH;Muhammad Haeruddin
DIRECT;2000164429;WH ASTRO SENTUL;COMBINE JABAR 1;Hardian Pramana;COMBINED;No Salesman;DRY;Muhammad Haeruddin
DIRECT;2000164785;INDOGROSIR BANDAR LAMPUNG;LAMPUNG;Heru Subagja;COMBINED;No Salesman;DRY;Yudi Setiawan
DIRECT;2000164787;INDOMARET PEKANBARU;PEKANBARU B2C;Yeni Rachmawati;B2C;No Salesman;DRY;Yudi Setiawan
DIRECT;2000164789;DC ALFAMART PALEMBANG;PALEMBANG B2C + BENGKULU;Dwi Santoso;B2C;No Salesman;DRY;Yudi Setiawan
DIRECT;2000164790;DC ALFAMART LAMPUNG;LAMPUNG;Heru Subagja;COMBINED;No Salesman;DRY;Yudi Setiawan
DIRECT;2000164792;DC ALFAMART JAMBI;JAMBI;Juli Susilo;COMBINED;No Salesman;DRY;Yudi Setiawan
DIRECT;2000164885;INDOMARET BANDAR LAMPUNG UHT;LAMPUNG;Heru Subagja;COMBINED;No Salesman;DRY;Yudi Setiawan
DIRECT;2000164886;INDOMARET DEPO PALEMBANG UHT;PALEMBANG B2C + BENGKULU;Dwi Santoso;B2C;No Salesman;DRY;Yudi Setiawan
DIRECT;2000164926;INDOMARET DC PALEMBANG UHT;PALEMBANG B2C + BENGKULU;Dwi Santoso;B2C;No Salesman;DRY;Yudi Setiawan
DIRECT;2000165003;FAMILY MART DC CIBITUNG UHT;B2C JABO 1;Rahmat Supriyatna;B2C;No Salesman;DRY;Muhammad Haeruddin
DIRECT;2000165007;DC FMI SURABAYA UHT;SURABAYA B2C;Nurul Hidayah;B2C;No Salesman;DRY;Muhammad Hardeo Awang
DIRECT;2000164783;INDOGROSIR PEKANBARU;PEKANBARU B2C;Yeni Rachmawati;B2C;No Salesman;DRY;Yudi Setiawan
DIRECT;2000164786;INDOGROSIR JAMBI;JAMBI;Juli Susilo;COMBINED;No Salesman;DRY;Yudi Setiawan
DIRECT;2000164788;DC ALFAMART PEKANBARU;PEKANBARU B2C;Yeni Rachmawati;B2C;No Salesman;DRY;Yudi Setiawan
DIRECT;2000164791;DC ALFAMART KOTABUMI;LAMPUNG;Heru Subagja;COMBINED;No Salesman;DRY;Yudi Setiawan
DIRECT;2000080516;DC ALFAMART BOGOR;COMBINE JABAR 1;Hardian Pramana;COMBINED;No Salesman;FRESH;Muhammad Haeruddin
DIRECT;2000154110;JAPFA FOOD TEBET;B2C JABO 2;Gandhi Sandrya;B2C;No Salesman;FRESH;Muhammad Haeruddin
DIRECT;2000154112;JAPFA FOOD GADING SERPONG;B2C JABO 3;Vacant JABO 3;B2C;No Salesman;FRESH;Muhammad Haeruddin
DIRECT;2000155359;JAPFA FOOD DEPOK;COMBINE JABAR 1;Hardian Pramana;COMBINED;No Salesman;FRESH;Muhammad Haeruddin
DIRECT;2000161029;PT. MODEREN PRIMA SARANA;B2C JABO 4;Irwan Affandi;B2C;No Salesman;Dry;Muhammad Haeruddin
DIRECT;2000164784;INDOGROSIR PALEMBANG;PALEMBANG B2C + BENGKULU;Dwi Santoso;B2C;No Salesman;DRY;Yudi Setiawan
DIRECT;2000001401;Matahari Ekalokasari Bogor;B2C JABO 2;Gandhi Sandrya;B2C;No Salesman;FRESH;Muhammad Haeruddin
DIRECT;2000158874;DC RAMAYANA PULOGADUNG;B2C JABO 1;Rahmat Supriyatna;B2C;No Salesman;Dry;Muhammad Haeruddin
DIRECT;2000165609;FRESH FACTORY MEDAN;MEDAN B2C;Muhammad Azmi Al Zuhri;B2C;No Salesman;Dry;Yudi Setiawan
DIRECT;2000165512;WH KLIK INDOMARET BANDAR LAMPUNG;LAMPUNG;Heru Subagja;COMBINED;No Salesman;DRY;Yudi Setiawan
DIRECT;2000165610;FRESH FACTORY BALI;BALI B2C Dry + Kupang;I Made Ogi Trisna Wardana;B2C;No Salesman;Dry;Arif Permadi
DIRECT;2000165687;LION SUPERINDO DC BAWEN;SEMARANG;Desti Yanuwanti;COMBINED;No Salesman;FRESH;Muhammad Hardeo Awang
DIRECT;2000165686;LION SUPERINDO DC MOJOKERTO;SURABAYA B2C;Nurul Hidayah;B2C;No Salesman;FRESH;Muhammad Hardeo Awang
DIRECT;2000165687;LION SUPERINDO DC BAWEN;SEMARANG;Desti Yanuwanti;COMBINED;No Salesman;Dry;Muhammad Hardeo Awang
DIRECT;2000165686;LION SUPERINDO DC MOJOKERTO;SURABAYA B2C;Nurul Hidayah;B2C;No Salesman;Dry;Muhammad Hardeo Awang
DIRECT;2000143391;HYPERMART DC PORONG SURABAYA;SURABAYA B2C;Nurul Hidayah;B2C;No Salesman;Dry;Muhammad Hardeo Awang
DIRECT;2000143391;HYPERMART DC PORONG SURABAYA;SURABAYA B2C;Nurul Hidayah;B2C;No Salesman;FRESH;Muhammad Hardeo Awang
DIRECT;2000165608;FRESH FACTORY SOLO;SOLO;Pradana Satriya Kurniawan Ramdani;COMBINED;No Salesman;Dry;Muhammad Hardeo Awang
DIRECT;2000157794;KE SINTANG COFFEE BANDARA SOETA;B2B JABO 1;Maulana Yusuf;B2B;No Salesman;FRESH;Muhammad Haeruddin
DIRECT;2000157794;KE SINTANG COFFEE BANDARA SOETA;B2B JABO 1;Maulana Yusuf;B2B;No Salesman;Dry;Muhammad Haeruddin
DIRECT;2000165608;FRESH FACTORY SOLO;SOLO;Pradana Satriya Kurniawan Ramdani;COMBINED;No Salesman;Fresh;Muhammad Hardeo Awang
DIRECT;2000165610;FRESH FACTORY BALI;BALI B2C Fresh + Bajo;Gede Andika Saputera;B2C;No Salesman;Fresh;Arif Permadi
DIRECT;2000165609;FRESH FACTORY MEDAN;MEDAN B2C;Muhammad Azmi Al Zuhri;B2C;No Salesman;Fresh;Yudi Setiawan
DIRECT;2000133263;LION DC CIKARANG (UHT);B2C JABO 1;Rahmat Supriyatna;B2C;No Salesman;Dry;Muhammad Haeruddin