Distributor;Code;DistributorScm
PT. WAHANA BOGA NUSANTARA - BALI;2000000375;WBN - BALI
PT. CAHAYA INTI PUTRA SEJAHTERA - BANDUNG;2000073047;CIPS -  BDG
PT. JERINDO JAYA ABADI - SURABAYA;2000133210;JERINDO JAYA ABADI - SBY
PT. ANUGRAH BERKAT ANDA - MEDAN;2000117190;PT. ANUGRAH BERKAT ANDA -  MEDAN
PT. SINAR ANUGERAH REJEKI BERSAMA - MAKASSAR;2000072857;SINAR ANUGRAH REJEKI BERSAMA - MKSR
PT. INDODAIRY CONTINENTAL - MEDAN;2000001539;PT. INDODAIRY CONTINENTAL
PT. SURYA ANUGRAH SENTOSA;2000147459;SURYA ANUGRAH SENTOSA - BOGOR
CV. JARI PERKASA;2000144052;JARI PERKASA - BALI
PT. CATUR SENTOSA ANUGERAH - CENGKARENG;2000160149;PT. CATUR SENTOSA ANUGERAH - CENGKARENG
PT. CAHAYA AGUNG CEMERLANG - SEMARANG;2000085648;CAC - SMRG
PT. MARTINDO FINE FOODS;2000121056;MARTINDO BATAM
PT. PULAU BARU JAYA - BANJARMASIN;2000111661;PULAU BARU - BANJARMASIN
PT. SINAR ANUGERAH REJEKI BERSAMA - MANADO;2000083688;SINAR ANUGRAH REJEKI BERSAMA - SARB MANADO
PT. MENARA NUSANTARA PERSADA - PALEMBANG;2000163790;PT MENARA NUSANTARA PERSADA - PALEM
PT. PULAU BARU MANDIRI - SAMARINDA;2000160185;PT. PULAU BARU MANDIRI - SAMARINDA
PT. EKAPUTRA PRADA INDONESIA;2000131291;EKAPUTRA PRADA - PKU
PT. EINGANG HARAPAN INDAH;2000098449;EIH - PONTI
PT. DINETA JAYA;2000132261;DINETA JAYA LOMBOK
PT. TIGA MUTIARA PRIMA;2000085669;TMP- SOLO
PT. MASUYA GRAHA TRIKENCANA;2000085647;PT. MASUYA GRAHA TRIKENCANA
PT. JERINDO JAYA ABADI - MALANG;1C00526;JERINDO JAYA ABADI - MLG
PT. COLAMASS SUKSES MANDIRI;2000160187;PT. COLAMAS INDAH SEJATI - BATAM
PT. SINAR MAYURI;2000117192;PT. SINAR MAYURI - DENPASAR
PT. BARU INDAH;2000098357;PT. BARU INDAH - BALIKPAPAN
PT. WIRA EKA PERSADATAMA - MAKASSAR;2000166451;WIRA EKA PERSADATAMA MAKASSAR
PT. CATUR SENTOSA ANUGERAH - BANDUNG;2000117200;PT. CATUR SENTOSA ANUGERAH - BANDUNG
PT. SARI MAKMUR SANJAYA;1009PALAGAN;SMS - JOGJA
PT. SINAR ANUGERAH REJEKI BERSAMA - KENDARI;2000136100;SINAR ANUGRAH REJEKI BERSAMA - KENDARI
PT. CAHAYA INTI PUTRA SEJAHTERA - CIREBON;2200001796;CIPS -  CIREBON
PT. UNI GEMILANG SENTOSA;2000153520;PT. UNIGEMILANG SENTOSA - JKT
PT. CAHAYA LESTARI TEGUH MAKMUR;2000161985;PT CAHAYA LESTARI TEGUH MAKMUR - LAMPUNG
PT. CATUR SENTOSA ANUGERAH - LAMPUNG;2000160161;PT. CATUR SENTOSA ANUGERAH - PEKANBARU
PT. KURNIA MAJU PERKASA;2000161947;PT. KURNIA MAJU PERKASA - PADANG & PT. KURNIA MAJU PERKASA - BUKIT TINGGI
PT. INTAN SUKSES INSPIRASI;2000138396;INTAN SUKSES INSPIRASI - PADANG
PT. PUJI SURYA INDAH - SURABAYA;2000117193;PT. PUJI SURYA INDAH - SURABAYA
PT. CIPTA ANUGERAH REZEKI;2000133207;PT. CIPTA ANUGERAH REZEKI - PURWOKERTO
PT. TIRTA PRIMA RASA - SURABAYA;2000133205;TIRTA PRIMA RASA - SBY
PT. MENARA NUSANTARA PERSADA;2000161986;PT MENARA NUSANTARA PERSADA - BANGKA
PT. ANUGRAH BERKAT ANDA - ACEH;2200001581;PT. ANUGRAH BERKAT ANDA - TJM
PT. KELOLA PANGAN INDONESIA;2000152534;PT. KELOLA PANGAN INDONESIA - ACEH
PT. CLASSIC FINE FOODS;2000141877;PT CLASSIC FINE FOODS INDONESIA
PT. CAHAYA AGUNG CEMERLANG - TEGAL;2910085648;CAC - KUDUS
PT. SUFO TRITAMA MANDIRI;2000133525;SUFO TRITAMA MANDIRI
PT. TIRTA PRIMA RASA - KEDIRI;2000142165;TIRTA PRIMA RASA - KEDIRI
CV. TELAGA MAS;2000140158;CV. TELAGA MAS - BENGKULU
PT. INDODAIRY CONTINENTAL - SIANTAR;2200002056;INDODAIRY - SIANTAR
PT. CAHAYA INTI PUTRA SEJAHTERA - TASIK;2910073047;CIPS -  BDG
PT. TIRTA PRIMA RASA - JEMBER;2000141965;TIRTA PRIMA RASA - JEMBER
PT. CATUR SENTOSA ANUGERAH - PEKANBARU;2000160162;PT. CATUR SENTOSA ANUGERAH - PEKANBARU
PT. PERMATA SURYA BAHARI;2000165747;PT. PERMATA SURYA BAHARI - PKU
PT. BERKAT LARIS GEMILANG;2000157805;PT. BERKAT LARIS GEMILANG - PALU
PT. PULAU BARU JAYA - PALANGKARAYA;2200002085;PULAU BARU - BANJARMASIN
PT. CATUR SENTOSA ANUGERAH - TANGERANG SELATAN;2TANGERANG;PT. CATUR SENTOSA ANUGERAH - BAYUR
PT. CATUR SENTOSA ANUGERAH - PALEMBANG;2000147769;PT. CATUR SENTOSA ANUGERAH - PEKANBARU
PT. WIRA EKA PERSADATAMA - MANADO;2000166450;WIRA EKA PERSADATAMA MANADO
PT. BESTINDO PERSADA BINTAN;2000164472;BESTINDO PERSADA BINTAN
PT. CATUR SENTOSA ANUGERAH - SEMARANG;2000160166;PT. CATUR SENTOSA ANUGERAH - SEMARANG
PT. WIRA EKA PERSADATAMA - KENDARI;2000166452;WIRA EKA PERSADATAMA KENDARI
PT. INDODAIRY CONTINENTAL - KISARAN;2200002077;INDODAIRY - KISARAN
PT. PUJI SURYA INDAH - MALANG;2000160142;PT. PUJI SURYA INDAH - MALANG
PT. CATUR SENTOSA ANUGERAH - SUKABUMI;2000160154;PT. CATUR SENTOSA ANUGERAH - SUKABUMI
PT. TIRTA PRIMA RASA - BANYUWANGI;2000159271;TIRTA PRIMA RASA - BANYUWANGI
CV. JAYA MAKMUR SAKTI - PALU;2000166653;PT JAYA MAKMUR SAKTI - PALU
CV. OKAJE RUTENG;2000157818;CV. OKAJE RUTENG
PT. PUJI SURYA INDAH - KEDIRI;2000160143;PT. PUJI SURYA INDAH - KEDIRI
CV. MULTI MANDIRI JAYAPURA;2000162422;CV MULTI MANDIRI - JAYAPURA
PT. CATUR SENTOSA ANUGERAH - CIREBON;2000117201;PT. CATUR SENTOSA ANUGERAH - CIREBON
PT. WIRA EKA PERSADATAMA - PALOPO;2000166446;WIRA EKA PERSADATAMA PALOPO
PT. CATUR SENTOSA ANUGERAH - SUBANG;2000160156;PT. CATUR SENTOSA ANUGERAH - SUBANG
PT. MULTI SUKSES MAKMUR PERKASA;2000143532;PT. MULTI SUKSES MAKMUR PERKASA - SORONG
CV. MAKMUR SENTOSA - JAMBI;2000165628;CV. MAKMUR SENTOSA - JAMBI
PT. PUJI SURYA INDAH - MADIUN;2000160144;PT. PUJI SURYA INDAH - MADIUN
CV. SAMPURNA;2000136420;CV. SAMPURNA - KUPANG
PT. CATUR SENTOSA ANUGERAH - PURWOKERTO;2000160164;PT. CATUR SENTOSA ANUGERAH - PURWOKERTO
PT. SUBUR MITRA SUKSES - SURABAYA;2000167045;SUBUR MITRA SUKSES - SURABAYA
PT. CATUR SENTOSA ANUGERAH - JAKARTA UTARA;2000JAKPUS;BLENDED DISTRIBUTOR AREA JAKARTA
PT. TIRTA PRIMA RASA - MALANG;2000133206;TIRTA PRIMA RASA - MLG
PT. CATUR SENTOSA ANUGERAH - BOGOR;2000117223;PT. CATUR SENTOSA ANUGERAH - BOGOR
PT. CATUR SENTOSA ANUGERAH - JAMBI;2000126291;PT. CATUR SENTOSA ANUGERAH - PEKANBARU
PT. CATUR SENTOSA ANUGERAH - TASIKMALAYA;2000160157;PT. CATUR SENTOSA ANUGERAH - TASIKMALAYA
PT. JERINDO JAYA ABADI - BOJONEGORO;2000165748;Jerindo Jaya Abadi - Bojonegoro
CV. SUMBER BARU DAMAI SEJAHTERA - AMBON;2000161872;CV SUMBER BARU DAMAI SEJAHTERA - AMBON
PT. PUJI SURYA INDAH - JEMBER;2200001552;PT. PUJI SURYA INDAH - JEMBER
PT. MUTIARA FARMA - AMBON;2000166654;PT MUTIARA FARMA - AMBON
CV. MENARA NUSANTARA PRIMA - BELITUNG;2000165653;CV. MENARA NUSANTARA PRIMA - BELITUNG
PT. INDODAIRY CONTINENTAL - PADANG SIDEMPUAN;2200002109;INDODAIRY - KISARAN
PT. CATUR SENTOSA ANUGERAH - SERANG;2000160151;PT. CATUR SENTOSA ANUGERAH - SERANG
PT. PRESTASI MITRA DUMAI;2000165746;PT. PRESTASI MITRA DUMAI
PT. CATUR SENTOSA ANUGERAH - CIJANTUNG;2000000CJT;BLENDED DISTRIBUTOR AREA JAKARTA
PT. MAKMUR MANDIRI UTAMA;2000167371;PT. MAKMUR MANDIRI UTAMA - BANDUNG
PT. PUJI SURYA INDAH - BABAT;2200002064;PT. PUJI SURYA INDAH - BABAT
PT. HOSADA PERMAI - TARAKAN;2000165875;PT. HOSADA PERMAI TARAKAN
PT. PERMATA SURYA BAHARI - RENGAT;2200002120;PT. PERMATA SURYA BAHARI - RENGAT
PT. PRATAMA ABADI SANTOSO - TEGAL;2000167123;PT. PRATAMA ABADI SANTOSO - TEGAL
PT. SKYPUTRA PANCASURYA;2000153519;SKYPUTRA PANCASURYA - TANGERANG
PT. UNIRAMA DUTA NIAGA - JATIBENING;2000167387;PT. UNIRAMA DUTA NIAGA - JATIBENING
PT. HOSADA PERMAI - BERAU;2000165876;PT. HOSADA PERMAI BERAU
PT. CATUR SENTOSA ANUGERAH - TEGAL;2000133208;PT. CATUR SENTOSA ANUGERAH - TEGAL
PT. PUJI SURYA INDAH - BANYUWANGI;2000159871;PT. PUJI SURYA INDAH - BANYUWANGI
PT. CATUR SENTOSA ANUGERAH - BELITUNG;2000152442;PT. CATUR SENTOSA ANUGERAH - BELITUNG
PT. PUJI SURYA INDAH - JOMBANG;2000160141;PT. PUJI SURYA INDAH - JOMBANG
PT. UNIRAMA DUTA NIAGA - DAAN MOGOT;2000167386;PT. UNIRAMA DUTA NIAGA - DAAN MOGOT
PT. CATUR SENTOSA ANUGERAH - BEKASI;2000132099;BLENDED DISTRIBUTOR AREA JAKARTA
PT. PUJI SURYA INDAH - MADURA;2200001797;PT. PUJI SURYA INDAH - MADURA
PT. PUJI SURYA INDAH - PROBOLINGGO;2200002107;PT. PUJI SURYA INDAH - PROBOLINGGO
PT. CATUR SENTOSA ANUGERAH - KUDUS;2000160165;PT. CATUR SENTOSA ANUGERAH - KUDUS
PT. CATUR SENTOSA ANUGERAH - JAKARTA SELATAN;2000JAKSEL;BLENDED DISTRIBUTOR AREA JAKARTA
PT. TIGARAKSA SATRIA - JAKARTA;2000158429;TIGARAKSA SATRIA - JAKART
PT. CATUR SENTOSA ANUGERAH - CIKUPA;2000CIKUPA;BLENDED DISTRIBUTOR AREA JAKARTA
PT. INDODAIRY CONTINENTAL - KABANJAHE;2200002100;INDODAIRY - SIANTAR
PT. SUBUR MITRA SUKSES - KEPANJEN MALANG;2000167052;SUBUR MITRA SUKSES - KEPANJEN
PT. WIRA EKA PERSADATAMA - PINRANG;2000166985;PT. WIRA EKA PERSADATAMA - PINRANG
PT. CATUR SENTOSA ANUGERAH - RAJEG;20000RAJEG;BLENDED DISTRIBUTOR AREA JAKARTA
PT. SUBUR MITRA SUKSES - JEMBER;2000167050;SUBUR MITRA SUKSES - JEMBER
PT. PULAU BARU SENTOSA;2000160184;PT. PULAU BARU SENTOSA - TARAKAN
PT. SUBUR MITRA SUKSES - MADIUN;2000167053;SUBUR MITRA SUKSES - MADIUN
PT. SUBUR MITRA SUKSES - KEDIRI;2000167051;SUBUR MITRA SUKSES - KEDIRI
PT. SUBUR MITRA SUKSES - BANYUWANGI;2000167048;SUBUR MITRA SUKSES - BANYUWANGI
PT. UNIRAMA DUTA NIAGA - SUNTER;2000167388;PT. UNIRAMA DUTA NIAGA - SUNTER
PT. SUBUR MITRA SUKSES - SIDOARJO;2000167059;SUBUR MITRA SUKSES - SIDOARJO
PT. SUBUR MITRA SUKSES - SINGOSARI MALANG;2000167054;SUBUR MITRA SUKSES - MALANG
PT. CIPTA LANGGENG MITRA SUKSES - GORONTALO;2000167065;CIPTA LANGGENG MITRA SUKSES - GORONTALO
PT. SUBUR MITRA SUKSES - TULUNGAGUNG;2000167061;SUBUR MITRA SUKSES - TULUNGAGUNG
PT. TIGARAKSA SATRIA - YOGYA;2000158429;BLENDED DISTRIBUTOR AREA YOGYAKARTA
PT. DUTAMASINDO LABORA JAYA - KARAWANG;2000167376;PT. DUTAMASINDO LABORAJAYA - KARAWANG
PT. SUBUR MITRA SUKSES - PROBOLINGGO;2000167058;SUBUR MITRA SUKSES - PROBOLINGGO
PT. PRESTASI MITRA DUMAI - UJUNG TANJUNG;2000166865;PT. PRESTASI MITRA DUMAI UJUNG TANJUNG
PT. SUBUR MITRA SUKSES - MOJOKERTO;2000167055;SUBUR MITRA SUKSES - MOJOKERTO
PT. SUBUR MITRA SUKSES - TUBAN;2000167060;SUBUR MITRA SUKSES - TUBAN
PT. PERDANA ADHI LESTARI - LAMPUNG;2000153974;PT. PERDANA ADHI LESTARI  - LAMPUNG
PT. SUBUR MITRA SUKSES - BANGKALAN;2000167047;SUBUR MITRA SUKSES - BANGKALAN
CV. MAKMUR BERSAMA MAJU CIREBON;2000167410;CV. MAKMUR BERSAMA MAJU CIREBON
PT. PUJI SURYA INDAH - PASURUAN;2000000PSR;PT. PUJI SURYA INDAH - PROBOLINGGO
PT. TULUS MAJU - SUKABUMI;2000167391;PT. TULUS MAJU - SUKABUMI
PT. WIRA EKA PERSADATAMA - BONE;2000166984;PT. WIRA EKA PERSADATAMA - BONE
PT. TIGARAKSA SATRIA - SURABAYA;2000158429;TIGARAKSA SATRIA - SURABA
PT. PRATAMA ABADI SANTOSO - PEKALONGAN;2000167125;PT. PRATAMA ABADI SANTOSO - PEKALONGAN
PT. SUBUR MITRA SUKSES - PACITAN;2000167056;SUBUR MITRA SUKSES - PACITAN
PT. PRESTASI MITRA DUMAI - DURI;2000166866;PT. PRESTASI MITRA DUMAI DEPO DURI
PT. SUBUR MITRA SUKSES - PAMEKASAN;2000167057;SUBUR MITRA SUKSES - PAMEKASAN
PT. SUBUR MITRA SUKSES - BOJONEGORO;2000167049;SUBUR MITRA SUKSES - BOJONEGORO
PT. UNIRAMA DUTA NIAGA - CINANGKA;2000167378;PT. UNIRAMA DUTA NIAGA - CINANGKA
PT. SUMBER MANDIRI - TASIKMALAYA;2000167390;PT. SUMBER MANDIRI - TASIKMALAYA
PT. PERDANA ADHI LESTARI - METRO;2200002065;PT. PERDANA ADHI LESTARI - METRO
PT. UNIRAMA DUTA NIAGA - CIRACAS;2000167385;PT. UNIRAMA DUTA NIAGA - CIRACAS
PT. DUTAMASINDO LABORA JAYA - PURWAKARTA;2000167377;PT. DUTAMASINDO LABORAJAYA - PURWAKARTA
PT. SUMBER MANDIRI - GARUT;2000167389;CV. SUMBER MANDIRI - GARUT
PT. SKYPUTRA PANCASURYA - SERANG;2000167399;PT. SKYPUTRA PANCASURYA - SERANG
PT. PERDANA ADHI LESTARI - KOTABUMI;2000167372;PT. PERDANA ADHI LESTARI - KOTABUMI
