account_name;accountCap
INDOMARET;INDOMARET
OTHER - CAFE;OTHER FOOD SERVICE
ALFAMART;ALFAMART
KOPI KENANGAN;KOPI KENANGAN
LION;LION
OTHER - RESTAURANT;OTHER FOOD SERVICE
STARBUCKS;STARBUCKS
OTHER - AGENT;OTHER FOOD SERVICE
GENERAL TRADE;GENERAL TRADE
ALFAMIDI;ALFAMIDI
OTHER - BAKERY;OTHER FOOD SERVICE
HYPERMART;HYPERMART
INDOMARET POIN;INDOMARET POIN
MTI B EAST INDONESIA;MTI B
ASTRONOUT;ASTRONOUT
MTI B EAST JAVA & BALNUS;MTI B
GRAND LUCKY;GRAND LUCKY
OTHER - PUBLIC SERVICES;OTHER FOOD SERVICE
MTI B NORTHERN SUMATRA;MTI B
MTI B SOUTHERN SUMATRA;MTI B
YOGYA;YOGYA
FRESH FACTORY;FRESH FACTORY
BRASTAGI;BRASTAGI
FARMERS MARKET;FARMERS MARKET
OTHER - BUBBLE DRINK;OTHER FOOD SERVICE
OTHER - HOTEL;OTHER FOOD SERVICE
PEPITO;PEPITO
AEON;AEON
YUMMY FOOD;YUMMY FOOD
MTI B WEST JAVA & CENTRAL JAVA;MTI B
LOTTE SHOPPING;LOTTE SHOPPING
BEARD PAPA;BEARD PAPA
WARUNG NAKO;WARUNG NAKO
LOTTE MART;LOTTE MART
OTHER - PRIBADI;OTHER FOOD SERVICE
DIAMOND;DIAMOND
OTHER - DESSERT;OTHER FOOD SERVICE
FOODHALL;FOODHALL
OTHER - CATERING;OTHER FOOD SERVICE
HERO;HERO
RANCH MARKET;RANCH MARKET
HOKKY;HOKKY
TIP TOP;TIP TOP
PAPAYA;PAPAYA
CHATIME;CHATIME
SATU SAMA;MTI A - OTHERS
HARI HARI;HARI HARI
MTI B GREATER JAKARTA;MTI B
HOME DELIVERY;HOME DELIVERY
BORMA;BORMA
OTHER E-COMMERCE;OTHER E-COMMERCE
TOP SERATUS;TOP SERATUS
MTI B JABODETABEK;MTI B
SUZUYA;MTI A - OTHERS
FAMILY MART;FAMILY MART
TIARA;TIARA
NAGA;MTI A - OTHERS
% ARABICA;OTHER FOOD SERVICE
ES TEH INDONESIA;ES TEH INDONESIA
FRESTIVE;FRESTIVE
JCO;JCO
UNION GROUP;UNION GROUP
TOTAL BUAH;TOTAL BUAH
BINTANG;MTI A - OTHERS
ALL FRESH;ALL FRESH
CHANDRA;MTI A - OTHERS
SNL;MTI A - OTHERS
COLD N BREW GROUP;OTHER FOOD SERVICE
CLANDYS;MTI A - OTHERS
SEGARI;SEGARI
DUTA BUAH;MTI A - OTHERS
BARSOL/JOX GROUP;OTHER FOOD SERVICE
IRIAN;MTI A - OTHERS
CEMARA;MTI A - OTHERS
TOKO KITA CAFE;OTHER FOOD SERVICE
BOOST JUICE;BOOST JUICE
SAYUR BOX;SAYUR BOX
YOMART;YOMART
XING FU TANG;XING FU TANG
MAJU BERSAMA;MTI A - OTHERS
BOGAJAYA GROUP;OTHER FOOD SERVICE
BUDIMAN;MTI A - OTHERS
MARKET CITY;MARKET CITY
PARIS BAGUETTE;OTHER FOOD SERVICE
JC;MTI A - OTHERS
JAKARTA FRUIT;MTI A - OTHERS
JAPFA BEST;JAPFA BEST
LETON GROUP;OTHER FOOD SERVICE
XXI CAFE;XXI CAFE
GELAEL;MTI A - OTHERS
PASAR BUAH PEKANBARU;MTI A - OTHERS
FRESHMART;MTI A - OTHERS
ETTORE;OTHER FOOD SERVICE
PAUL BAKERY;OTHER FOOD SERVICE
ANOMALI COFFEE;OTHER FOOD SERVICE
BAJI PAMAI;MTI A - OTHERS
SMARCO;MTI A - OTHERS
LAZADA;LAZADA
GOLDEN BLACK COFFEE;OTHER FOOD SERVICE
MINI MART;MTI A - OTHERS
ADA GROUP;MTI A - OTHERS
PANDE PUTRI;MTI A - OTHERS
COLD STONE;OTHER FOOD SERVICE
MIROTA;MTI A - OTHERS
GOTO;GOTO
GELATO FACTORY;OTHER FOOD SERVICE
SETIABUDI SM;MTI A - OTHERS
MITRA MART;MTI A - OTHERS
RUMAH BUAH;MTI A - OTHERS
LLAO LLAO;OTHER FOOD SERVICE
NOB BAKERY GROUP;OTHER FOOD SERVICE
GRABMART KILAT;GRABMART KILAT
RITA RITELINDO;MTI A - OTHERS
PILONA COFFEE;OTHER FOOD SERVICE
DELTA DEWATA;MTI A - OTHERS
SAMUDRA SWALAYAN;MTI A - OTHERS
AEON DELICA;OTHER FOOD SERVICE
KOPI KONNICHIWA;OTHER FOOD SERVICE
CIRCLE K;CIRCLE K
ASKITCHEN GROUP;OTHER FOOD SERVICE
EJJI CAFE;OTHER FOOD SERVICE
KEM CHICKS;KEM CHICKS
BRAVO SUPERMARKET;MTI A - OTHERS
ANYAR KIMIA PO SERANG;OTHER FOOD SERVICE
PISON COFFEE;OTHER FOOD SERVICE
THE GADE;OTHER FOOD SERVICE
LEONI GELATO;OTHER FOOD SERVICE
LAKU BALI;OTHER FOOD SERVICE
DUNKIN DONUT;OTHER FOOD SERVICE
CARREFOUR;CARREFOUR
BALI JAYA GROUP;OTHER FOOD SERVICE
NANNY'S PAVILION;OTHER FOOD SERVICE
ANAK PANAH GROUP;OTHER FOOD SERVICE
KOI;OTHER FOOD SERVICE
SARI BUANA UD;OTHER FOOD SERVICE
ERAMART;MTI A - OTHERS
LAI LAI;MTI A - OTHERS
ALFAMART BEAN SPOT;OTHER FOOD SERVICE
HITAM MANIS GROUP;OTHER FOOD SERVICE
FILOSOFI KOPI;OTHER FOOD SERVICE
BONNET;MTI A - OTHERS
JUSTUS STEAK HOUSE;OTHER FOOD SERVICE
SATURDAYS GROUP;OTHER FOOD SERVICE
STUJA GROUP;OTHER FOOD SERVICE
KRISPY KREME;OTHER FOOD SERVICE
REVOLVER GROUP;OTHER FOOD SERVICE
UD. SUTARMI;OTHER FOOD SERVICE
MATCH BOX GROUP;OTHER FOOD SERVICE
MIE KOBER;OTHER FOOD SERVICE
LAIN HATI;OTHER FOOD SERVICE
NATIONAL;NO ACCOUNT CAP
GAYA GELATO;OTHER FOOD SERVICE
GOURMET GARAGE GROUP;OTHER FOOD SERVICE
SEJIWA COFFEE GROUP;OTHER FOOD SERVICE
HURRICANE GRILL;OTHER FOOD SERVICE
VENCHI GELATO;OTHER FOOD SERVICE
GS RETAIL;GS RETAIL
NAKOA CAFE;OTHER FOOD SERVICE
LOTUS;OTHER FOOD SERVICE
ALLO FRESH;ALLO FRESH
KOKUMI;OTHER FOOD SERVICE
BLI BLI;BLI BLI
PRIMA FRESHMART;PRIMA FRESHMART
CBTL;OTHER FOOD SERVICE
SHELL DELI2GO;OTHER FOOD SERVICE
CHEZ CHOUX;OTHER FOOD SERVICE
REDDOG;OTHER FOOD SERVICE
BEST MEAT;BEST MEAT
ANTHOLOGY COFFE;OTHER FOOD SERVICE
EXCELSO COFFEE;OTHER FOOD SERVICE
RAMAYANA;RAMAYANA
STREET BOBA;OTHER FOOD SERVICE
0;NO ACCOUNT CAP
CARREFOUR ALFA;CARREFOUR ALFA
MOR;MOR
OTHERS;NO ACCOUNT CAP
DEAR BUTTER;OTHER FOOD SERVICE
TOMORO COFFEE;OTHER FOOD SERVICE
FORE;OTHER FOOD SERVICE
FREE SAMPLE;NO ACCOUNT CAP
CV. RUMAH ZAIDA;OTHER FOOD SERVICE
TITIK TEMU GROUP;OTHER FOOD SERVICE
KOPI KIRI;OTHER FOOD SERVICE
LULU;LULU
SHOPEE;SHOPEE
MTI WEST;MTI B
PREMIUM SCHOOL;OTHER FOOD SERVICE
TRANSPORTER;NO ACCOUNT CAP
GENERAL TRADE - RETAIL;GENERAL TRADE
LOKA;MTI A - OTHERS
PT SURI TANI PEMUKA;OTHER FOOD SERVICE
MTI NORTH;MTI B
INTERNAL SALES;NO ACCOUNT CAP
MTI EAST;MTI B
BLISS ICE CREAM PASAR MINGGU;OTHER FOOD SERVICE
ANOMALI COFFEE TMII;OTHER FOOD SERVICE
MTI C EAST JAVA & BALNUS;MTI B
OTHER - FOOD SERVICE;OTHER FOOD SERVICE
MTI C NORTHERN SUMATRA;MTI B
OTHER - DESERT;OTHER FOOD SERVICE
OTHER - CAF├Ë;OTHER FOOD SERVICE
CHAMP RESTO;CHAMP RESTO
MTI C GREATER JAKARTA;MTI B
TOKONOW;TOKONOW
MTI C SOUTHERN SUMATRA;MTI B
MAIKU INTERMODA;OTHER FOOD SERVICE
KOPI MUST CO;OTHER FOOD SERVICE
ASIA PLAZA;MTI A - OTHERS
KAISAR;MTI A - OTHERS
MTI C EAST INDONESIA;MTI B
GOODS DINNER;OTHER FOOD SERVICE
OTHER - BEVERAGES;OTHER FOOD SERVICE
MTI C WEST JAVA & CENTRAL JAVA;MTI B
MTI OTHER JKT;MTI B
PAMELLA SUPERMARKET;MTI A - OTHERS
MTI C JABODETABEK;MTI B
KOPI CINDAY;OTHER FOOD SERVICE
GIANT;HERO
LIGO;MTI B
